{"cameraMode":{"drawMode":0,"name":"Shaded","section":"Shading Mode"},"sceneLighting":true,"audioPlay":false,"sceneViewState":{"showFog":true,"showMaterialUpdate":false,"showSkybox":true,"showFlares":true,"showImageEffects":true,"showParticleSystems":true},"in2DMode":false,"pivot":{"x":-0.01699995994567871,"y":-0.7693769335746765,"z":3.1251349449157717},"rotation":{"x":-0.5965990424156189,"y":0.01011221669614315,"z":-0.007512636948376894,"w":-0.8024507761001587},"size":0.6978434920310974,"orthographic":true}